{
    "name": "weatherdata",
    "properties": {
        "activities": [
            {
                "name": "Lookup1",
                "type": "Lookup",
                "dependsOn": [],
                "policy": {
                    "timeout": "0.12:00:00",
                    "retry": 0,
                    "retryIntervalInSeconds": 30,
                    "secureOutput": false,
                    "secureInput": false
                },
                "userProperties": [],
                "typeProperties": {
                    "source": {
                        "type": "ExcelSource",
                        "storeSettings": {
                            "type": "AzureBlobFSReadSettings",
                            "recursive": true,
                            "enablePartitionDiscovery": false
                        }
                    },
                    "dataset": {
                        "referenceName": "Excel1",
                        "type": "DatasetReference"
                    },
                    "firstRowOnly": false
                }
            },
            {
                "name": "ForEach1",
                "type": "ForEach",
                "dependsOn": [
                    {
                        "activity": "Lookup1",
                        "dependencyConditions": [
                            "Succeeded"
                        ]
                    }
                ],
                "userProperties": [],
                "typeProperties": {
                    "items": {
                        "value": "@activity('Lookup1').output.value",
                        "type": "Expression"
                    },
                    "isSequential": true,
                    "activities": [
                        {
                            "name": "Copy data1",
                            "type": "Copy",
                            "dependsOn": [],
                            "policy": {
                                "timeout": "0.12:00:00",
                                "retry": 0,
                                "retryIntervalInSeconds": 30,
                                "secureOutput": false,
                                "secureInput": false
                            },
                            "userProperties": [],
                            "typeProperties": {
                                "source": {
                                    "type": "RestSource",
                                    "httpRequestTimeout": "00:01:40",
                                    "requestInterval": "00.00:00:00.010",
                                    "requestMethod": "GET",
                                    "additionalHeaders": {
                                        "x-rapidapi-host": "meteostat.p.rapidapi.com",
                                        "x-rapidapi-key": "1025fd9aecmsh26c79dbea905439p1d74dejsn73d6aaeddd39"
                                    },
                                    "paginationRules": {
                                        "supportRFC5988": "true"
                                    }
                                },
                                "sink": {
                                    "type": "JsonSink",
                                    "storeSettings": {
                                        "type": "AzureBlobFSWriteSettings"
                                    },
                                    "formatSettings": {
                                        "type": "JsonWriteSettings"
                                    }
                                },
                                "enableStaging": false
                            },
                            "inputs": [
                                {
                                    "referenceName": "RestResource1",
                                    "type": "DatasetReference",
                                    "parameters": {
                                        "lat": {
                                            "value": "@item().lat",
                                            "type": "Expression"
                                        },
                                        "lon": {
                                            "value": "@item().lon",
                                            "type": "Expression"
                                        },
                                        "startdate": {
                                            "value": "@item().Date",
                                            "type": "Expression"
                                        }
                                    }
                                }
                            ],
                            "outputs": [
                                {
                                    "referenceName": "Json1",
                                    "type": "DatasetReference",
                                    "parameters": {
                                        "airportname": {
                                            "value": "@item().airport",
                                            "type": "Expression"
                                        }
                                    }
                                }
                            ]
                        }
                    ]
                }
            }
        ],
        "annotations": [],
        "lastPublishTime": "2024-11-14T22:23:07Z"
    },
    "type": "Microsoft.DataFactory/factories/pipelines"
}