{
    "name": "TransformationAviationDATA",
    "properties": {
        "activities": [
            {
                "name": "Transformation-Arrivals",
                "type": "DatabricksNotebook",
                "dependsOn": [],
                "policy": {
                    "timeout": "0.12:00:00",
                    "retry": 0,
                    "retryIntervalInSeconds": 30,
                    "secureOutput": false,
                    "secureInput": false
                },
                "userProperties": [],
                "typeProperties": {
                    "notebookPath": "/Users/kumarpanay7@gmail.com/Transformation -Arrival 2024-10-15 14:26:29"
                },
                "linkedServiceName": {
                    "referenceName": "AzureDatabricks1",
                    "type": "LinkedServiceReference"
                }
            },
            {
                "name": "Transformation-Departures",
                "type": "DatabricksNotebook",
                "dependsOn": [
                    {
                        "activity": "Transformation-Arrivals",
                        "dependencyConditions": [
                            "Succeeded"
                        ]
                    }
                ],
                "policy": {
                    "timeout": "0.12:00:00",
                    "retry": 0,
                    "retryIntervalInSeconds": 30,
                    "secureOutput": false,
                    "secureInput": false
                },
                "userProperties": [],
                "typeProperties": {
                    "notebookPath": "/Users/kumarpanay7@gmail.com/Transformation-Departures 2024-10-29 15:45:47"
                },
                "linkedServiceName": {
                    "referenceName": "AzureDatabricks1",
                    "type": "LinkedServiceReference"
                }
            }
        ],
        "annotations": [],
        "lastPublishTime": "2024-11-15T05:11:52Z"
    },
    "type": "Microsoft.DataFactory/factories/pipelines"
}