{
    "name": "RestResource1",
    "properties": {
        "linkedServiceName": {
            "referenceName": "RestService1",
            "type": "LinkedServiceReference"
        },
        "parameters": {
            "lat": {
                "type": "String"
            },
            "lon": {
                "type": "String"
            },
            "startdate": {
                "type": "String"
            }
        },
        "annotations": [],
        "type": "RestResource",
        "typeProperties": {
            "relativeUrl": {
                "value": "@concat('https://meteostat.p.rapidapi.com/point/daily?',\n'lat=',dataset().lat,\n'&lon=',dataset().lon,\n'&start=',dataset().startdate,\n'&end=',dataset().startdate,\n'&units=imperial'\n\n)",
                "type": "Expression"
            }
        },
        "schema": []
    },
    "type": "Microsoft.DataFactory/factories/datasets"
}