{
    "name": "ADLSG2",
    "properties": {
        "linkedServiceName": {
            "referenceName": "AzureDataLakeStorage1",
            "type": "LinkedServiceReference"
        },
        "parameters": {
            "mode": {
                "type": "String"
            },
            "IATA": {
                "type": "String"
            },
            "start_date": {
                "type": "String"
            },
            "end_date": {
                "type": "String"
            }
        },
        "annotations": [],
        "type": "Json",
        "typeProperties": {
            "location": {
                "type": "AzureBlobFSLocation",
                "fileName": {
                    "value": "@concat(\n    dataset().IATA,'_',dataset().start_date,'_',dataset().end_date\n)",
                    "type": "Expression"
                },
                "folderPath": {
                    "value": "@concat('AVIATIONEDGE-API/',\n    'type=',dataset().mode\n    \n)",
                    "type": "Expression"
                },
                "fileSystem": "raw"
            }
        },
        "schema": {}
    },
    "type": "Microsoft.DataFactory/factories/datasets"
}