{
    "name": "REStAPI",
    "properties": {
        "linkedServiceName": {
            "referenceName": "Aviationedgeapi",
            "type": "LinkedServiceReference"
        },
        "parameters": {
            "APiKey": {
                "type": "String"
            },
            "IATA": {
                "type": "String"
            },
            "mode": {
                "type": "String"
            },
            "start_date": {
                "type": "String"
            },
            "end_date": {
                "type": "String"
            }
        },
        "annotations": [],
        "type": "RestResource",
        "typeProperties": {
            "relativeUrl": {
                "value": "@concat(\n    'https://aviation-edge.com/v2/public/flightsHistory?',\n    'key=',dataset().APiKey,\n    '&code=',dataset().IATA,\n    '&type=',dataset().mode,\n    '&date_from=',dataset().start_date,\n    '&date_to=',dataset().end_date\n)",
                "type": "Expression"
            }
        },
        "schema": []
    },
    "type": "Microsoft.DataFactory/factories/datasets"
}