{
    "name": "AzureDatabricks1",
    "type": "Microsoft.DataFactory/factories/linkedservices",
    "properties": {
        "annotations": [],
        "type": "AzureDatabricks",
        "typeProperties": {
            "domain": "https://adb-799521474834814.14.azuredatabricks.net",
            "accessToken": {
                "type": "AzureKeyVaultSecret",
                "store": {
                    "referenceName": "AzureKeyVault1",
                    "type": "LinkedServiceReference"
                },
                "secretName": "DataBricks-AccessToken"
            },
            "existingClusterId": "1028-191134-fau9gs7u"
        }
    }
}