{
    "now": "2024-11-22T20:17:04.792Z",
    "perfNow": 65785.79999998212,
    "diagnosticCorrelation": "3a24baa5-b6f0-4c62-8af9-da551800a6e6",
    "source": "DownloadSupportFiles",
    "environment": {
        "productName": "adf",
        "buildVersion": "1.0.101424.2",
        "environmentType": 3,
        "resourceName": "aerooptimize-adf",
        "resourceRegion": "southafricanorth",
        "resourceGroup": "AEROOPTIMIZE",
        "subscriptionId": "8d22f585-2359-4b70-9acc-022d7370e4b3",
        "sessionId": "uCbXJP68b5un3uB8Onfcwl",
        "operationId": "",
        "gitType": "live",
        "loggingKey": "71cae082-ae6b-4f22-8769-c1832ca6837b"
    },
    "additionalInfo": {
        "selectedResource": "TransformationWeatherData",
        "selectedResourceType": "pipeline"
    }
}