{
    "now": "2024-11-22T20:16:54.544Z",
    "perfNow": 55537.90000000596,
    "diagnosticCorrelation": "2666c8a5-da65-4cbb-9749-ed93708aa11b",
    "source": "DownloadSupportFiles",
    "environment": {
        "productName": "adf",
        "buildVersion": "1.0.101424.2",
        "environmentType": 3,
        "resourceName": "aerooptimize-adf",
        "resourceRegion": "southafricanorth",
        "resourceGroup": "AEROOPTIMIZE",
        "subscriptionId": "8d22f585-2359-4b70-9acc-022d7370e4b3",
        "sessionId": "uCbXJP68b5un3uB8Onfcwl",
        "operationId": "",
        "gitType": "live",
        "loggingKey": "71cae082-ae6b-4f22-8769-c1832ca6837b"
    },
    "additionalInfo": {
        "selectedResource": "AviationEdge_Ingestion",
        "selectedResourceType": "pipeline"
    }
}