{
    "name": "TransformationWeatherData",
    "properties": {
        "activities": [
            {
                "name": "ConformanceLayer_STandardizedlayer",
                "type": "DatabricksNotebook",
                "dependsOn": [],
                "policy": {
                    "timeout": "0.12:00:00",
                    "retry": 0,
                    "retryIntervalInSeconds": 30,
                    "secureOutput": false,
                    "secureInput": false
                },
                "userProperties": [],
                "typeProperties": {
                    "notebookPath": "/Users/kumarpanay7@gmail.com/Weather transformation 2024-11-14 16:26:42"
                },
                "linkedServiceName": {
                    "referenceName": "AzureDatabricks1",
                    "type": "LinkedServiceReference"
                }
            },
            {
                "name": "CuratedLayer-SSMS",
                "type": "DatabricksNotebook",
                "dependsOn": [
                    {
                        "activity": "ConformanceLayer_STandardizedlayer",
                        "dependencyConditions": [
                            "Succeeded"
                        ]
                    }
                ],
                "policy": {
                    "timeout": "0.12:00:00",
                    "retry": 0,
                    "retryIntervalInSeconds": 30,
                    "secureOutput": false,
                    "secureInput": false
                },
                "userProperties": [],
                "typeProperties": {
                    "notebookPath": "/Users/kumarpanay7@gmail.com/CuratedWeatherData-parquet"
                },
                "linkedServiceName": {
                    "referenceName": "AzureDatabricks1",
                    "type": "LinkedServiceReference"
                }
            }
        ],
        "annotations": [],
        "lastPublishTime": "2024-11-18T16:25:48Z"
    },
    "type": "Microsoft.DataFactory/factories/pipelines"
}