{
    "name": "weatherdata-Complete Pipeline",
    "properties": {
        "activities": [
            {
                "name": "weatherIngestion",
                "type": "ExecutePipeline",
                "dependsOn": [],
                "policy": {
                    "secureInput": false
                },
                "userProperties": [],
                "typeProperties": {
                    "pipeline": {
                        "referenceName": "weatherdata",
                        "type": "PipelineReference"
                    },
                    "waitOnCompletion": true
                }
            },
            {
                "name": "Transformantion-Loading",
                "description": "Transforming the data and processing the data from conformance Layer,Standardized Layer to curatedLayer",
                "type": "ExecutePipeline",
                "dependsOn": [
                    {
                        "activity": "weatherIngestion",
                        "dependencyConditions": [
                            "Succeeded"
                        ]
                    }
                ],
                "policy": {
                    "secureInput": false
                },
                "userProperties": [],
                "typeProperties": {
                    "pipeline": {
                        "referenceName": "TransformationWeatherData",
                        "type": "PipelineReference"
                    },
                    "waitOnCompletion": true
                }
            }
        ],
        "annotations": [],
        "lastPublishTime": "2024-11-18T16:25:49Z"
    },
    "type": "Microsoft.DataFactory/factories/pipelines"
}