{
    "now": "2024-11-22T20:16:58.558Z",
    "perfNow": 59551.59999999404,
    "diagnosticCorrelation": "b9c9b547-d75c-4cf7-8fb2-bfa2c0b02b73",
    "source": "DownloadSupportFiles",
    "environment": {
        "productName": "adf",
        "buildVersion": "1.0.101424.2",
        "environmentType": 3,
        "resourceName": "aerooptimize-adf",
        "resourceRegion": "southafricanorth",
        "resourceGroup": "AEROOPTIMIZE",
        "subscriptionId": "8d22f585-2359-4b70-9acc-022d7370e4b3",
        "sessionId": "uCbXJP68b5un3uB8Onfcwl",
        "operationId": "",
        "gitType": "live",
        "loggingKey": "71cae082-ae6b-4f22-8769-c1832ca6837b"
    },
    "additionalInfo": {
        "selectedResource": "TransformationAviationDATA",
        "selectedResourceType": "pipeline"
    }
}