{
    "name": "Excel1",
    "properties": {
        "linkedServiceName": {
            "referenceName": "AzureDataLakeStorage1",
            "type": "LinkedServiceReference"
        },
        "annotations": [],
        "type": "Excel",
        "typeProperties": {
            "sheetName": "DFW-MIA",
            "location": {
                "type": "AzureBlobFSLocation",
                "fileName": "Dates and klon.xlsx",
                "fileSystem": "raw-weatherdata"
            },
            "firstRowAsHeader": true
        },
        "schema": []
    },
    "type": "Microsoft.DataFactory/factories/datasets"
}