{
    "name": "AviationEdge_Ingestion",
    "properties": {
        "activities": [
            {
                "name": "Dates_Validation",
                "description": "Validates the range of date, Make sure the dates should be range with in a year from the current date \n",
                "type": "DatabricksNotebook",
                "dependsOn": [],
                "policy": {
                    "timeout": "0.12:00:00",
                    "retry": 0,
                    "retryIntervalInSeconds": 30,
                    "secureOutput": false,
                    "secureInput": false
                },
                "userProperties": [],
                "typeProperties": {
                    "notebookPath": "/Users/kumarpanay7@gmail.com/DatesCHECK 2024-10-13 18:49:52",
                    "baseParameters": {
                        "start_date": {
                            "value": "@pipeline().parameters.start_date",
                            "type": "Expression"
                        },
                        "end_date": {
                            "value": "@pipeline().parameters.end_date",
                            "type": "Expression"
                        }
                    }
                },
                "linkedServiceName": {
                    "referenceName": "AzureDatabricks1",
                    "type": "LinkedServiceReference"
                }
            },
            {
                "name": "AzureKeyVault_Aviation_edge",
                "type": "WebActivity",
                "dependsOn": [],
                "policy": {
                    "timeout": "0.12:00:00",
                    "retry": 0,
                    "retryIntervalInSeconds": 30,
                    "secureOutput": false,
                    "secureInput": false
                },
                "userProperties": [],
                "typeProperties": {
                    "method": "GET",
                    "url": "https://aerooptimizedev.vault.azure.net/secrets/Aviationedge-api/37352a94762e4b4cb31caeb591efb28a?api-version=7.0",
                    "authentication": {
                        "type": "MSI",
                        "resource": "https://vault.azure.net"
                    }
                }
            },
            {
                "name": "GET ARRIVAL AND DEPARTURE",
                "type": "Lookup",
                "dependsOn": [],
                "policy": {
                    "timeout": "0.12:00:00",
                    "retry": 0,
                    "retryIntervalInSeconds": 30,
                    "secureOutput": false,
                    "secureInput": false
                },
                "userProperties": [],
                "typeProperties": {
                    "source": {
                        "type": "DelimitedTextSource",
                        "storeSettings": {
                            "type": "AzureBlobFSReadSettings",
                            "recursive": true,
                            "enablePartitionDiscovery": false
                        },
                        "formatSettings": {
                            "type": "DelimitedTextReadSettings"
                        }
                    },
                    "dataset": {
                        "referenceName": "DelimitedText1",
                        "type": "DatasetReference"
                    },
                    "firstRowOnly": false
                }
            },
            {
                "name": "CopyActivityDeparture",
                "type": "ForEach",
                "dependsOn": [
                    {
                        "activity": "GET ARRIVAL AND DEPARTURE",
                        "dependencyConditions": [
                            "Succeeded"
                        ]
                    },
                    {
                        "activity": "AzureKeyVault_Aviation_edge",
                        "dependencyConditions": [
                            "Succeeded"
                        ]
                    },
                    {
                        "activity": "Dates_Validation",
                        "dependencyConditions": [
                            "Succeeded"
                        ]
                    }
                ],
                "userProperties": [],
                "typeProperties": {
                    "items": {
                        "value": "@activity('GET ARRIVAL AND DEPARTURE').output.value",
                        "type": "Expression"
                    },
                    "isSequential": true,
                    "activities": [
                        {
                            "name": "Departure",
                            "type": "SetVariable",
                            "dependsOn": [],
                            "policy": {
                                "secureOutput": false,
                                "secureInput": false
                            },
                            "userProperties": [],
                            "typeProperties": {
                                "variableName": "DepartureV",
                                "value": {
                                    "value": "@item().arrival",
                                    "type": "Expression"
                                }
                            }
                        },
                        {
                            "name": "Copy data1",
                            "type": "Copy",
                            "dependsOn": [
                                {
                                    "activity": "Departure",
                                    "dependencyConditions": [
                                        "Succeeded"
                                    ]
                                }
                            ],
                            "policy": {
                                "timeout": "0.12:00:00",
                                "retry": 0,
                                "retryIntervalInSeconds": 30,
                                "secureOutput": false,
                                "secureInput": false
                            },
                            "userProperties": [],
                            "typeProperties": {
                                "source": {
                                    "type": "RestSource",
                                    "httpRequestTimeout": "00:01:40",
                                    "requestInterval": "00.00:00:00.010",
                                    "requestMethod": "GET",
                                    "paginationRules": {
                                        "supportRFC5988": "true"
                                    }
                                },
                                "sink": {
                                    "type": "JsonSink",
                                    "storeSettings": {
                                        "type": "AzureBlobFSWriteSettings"
                                    },
                                    "formatSettings": {
                                        "type": "JsonWriteSettings"
                                    }
                                },
                                "enableStaging": false
                            },
                            "inputs": [
                                {
                                    "referenceName": "REStAPI",
                                    "type": "DatasetReference",
                                    "parameters": {
                                        "APiKey": {
                                            "value": "@activity('AzureKeyVault_Aviation_edge').output.value",
                                            "type": "Expression"
                                        },
                                        "IATA": {
                                            "value": "@variables('DepartureV')",
                                            "type": "Expression"
                                        },
                                        "mode": "arrival",
                                        "start_date": {
                                            "value": "@activity('Dates_Validation').output.runOutput.valid_start_date",
                                            "type": "Expression"
                                        },
                                        "end_date": {
                                            "value": "@activity('Dates_Validation').output.runOutput.valid_end_date",
                                            "type": "Expression"
                                        }
                                    }
                                }
                            ],
                            "outputs": [
                                {
                                    "referenceName": "ADLSG2",
                                    "type": "DatasetReference",
                                    "parameters": {
                                        "mode": {
                                            "value": "arrival",
                                            "type": "Expression"
                                        },
                                        "IATA": {
                                            "value": "@variables('DepartureV')",
                                            "type": "Expression"
                                        },
                                        "start_date": {
                                            "value": "@activity('Dates_Validation').output.runOutput.valid_start_date",
                                            "type": "Expression"
                                        },
                                        "end_date": {
                                            "value": "@activity('Dates_Validation').output.runOutput.valid_end_date",
                                            "type": "Expression"
                                        }
                                    }
                                }
                            ]
                        },
                        {
                            "name": "Copy data2",
                            "type": "Copy",
                            "state": "Inactive",
                            "onInactiveMarkAs": "Succeeded",
                            "dependsOn": [],
                            "policy": {
                                "timeout": "0.12:00:00",
                                "retry": 0,
                                "retryIntervalInSeconds": 30,
                                "secureOutput": false,
                                "secureInput": false
                            },
                            "userProperties": [],
                            "typeProperties": {
                                "source": {
                                    "type": "RestSource",
                                    "httpRequestTimeout": "00:01:40",
                                    "requestInterval": "00.00:00:00.010",
                                    "requestMethod": "GET",
                                    "paginationRules": {
                                        "supportRFC5988": "true"
                                    }
                                },
                                "sink": {
                                    "type": "JsonSink",
                                    "storeSettings": {
                                        "type": "AzureBlobFSWriteSettings"
                                    },
                                    "formatSettings": {
                                        "type": "JsonWriteSettings"
                                    }
                                },
                                "enableStaging": false
                            },
                            "inputs": [
                                {
                                    "referenceName": "REStAPI",
                                    "type": "DatasetReference",
                                    "parameters": {
                                        "APiKey": {
                                            "value": "@activity('AzureKeyVault_Aviation_edge').output.value",
                                            "type": "Expression"
                                        },
                                        "IATA": {
                                            "value": "@variables('ArrivalV')",
                                            "type": "Expression"
                                        },
                                        "mode": "arrival",
                                        "start_date": {
                                            "value": "@activity('Dates_Validation').output.runOutput.valid_start_date",
                                            "type": "Expression"
                                        },
                                        "end_date": {
                                            "value": "@activity('Dates_Validation').output.runOutput.valid_end_date",
                                            "type": "Expression"
                                        }
                                    }
                                }
                            ],
                            "outputs": [
                                {
                                    "referenceName": "ADLSG2",
                                    "type": "DatasetReference",
                                    "parameters": {
                                        "mode": "arrival",
                                        "IATA": {
                                            "value": "@variables('ArrivalV')",
                                            "type": "Expression"
                                        },
                                        "start_date": {
                                            "value": "@activity('Dates_Validation').output.runOutput.valid_start_date",
                                            "type": "Expression"
                                        },
                                        "end_date": {
                                            "value": "@activity('Dates_Validation').output.runOutput.valid_start_date",
                                            "type": "Expression"
                                        }
                                    }
                                }
                            ]
                        }
                    ]
                }
            }
        ],
        "parameters": {
            "start_date": {
                "type": "string"
            },
            "end_date": {
                "type": "string"
            }
        },
        "variables": {
            "aaa": {
                "type": "String"
            },
            "bbb": {
                "type": "String"
            },
            "DepartureV": {
                "type": "String"
            },
            "ArrivalV": {
                "type": "String"
            },
            "test1": {
                "type": "String"
            },
            "test2": {
                "type": "String"
            }
        },
        "annotations": [],
        "lastPublishTime": "2024-11-03T18:04:46Z"
    },
    "type": "Microsoft.DataFactory/factories/pipelines"
}