{
    "now": "2024-11-22T20:17:02.079Z",
    "perfNow": 63073.19999998808,
    "diagnosticCorrelation": "447202f2-1e18-4345-a6b8-c4ac612dcc2c",
    "source": "DownloadSupportFiles",
    "environment": {
        "productName": "adf",
        "buildVersion": "1.0.101424.2",
        "environmentType": 3,
        "resourceName": "aerooptimize-adf",
        "resourceRegion": "southafricanorth",
        "resourceGroup": "AEROOPTIMIZE",
        "subscriptionId": "8d22f585-2359-4b70-9acc-022d7370e4b3",
        "sessionId": "uCbXJP68b5un3uB8Onfcwl",
        "operationId": "",
        "gitType": "live",
        "loggingKey": "71cae082-ae6b-4f22-8769-c1832ca6837b"
    },
    "additionalInfo": {
        "selectedResource": "weatherdata",
        "selectedResourceType": "pipeline"
    }
}